parameter,true,calibrated
kappa,1.5,1.4960098225807696
theta,0.04,0.039987661601611886
sigma,0.4,0.399917923710775
rho,-0.7,-0.7000673710636932
v0,0.04,0.03998858664923128
